,subdomain,domain,source,add_dt
0,pc25.www.boozt.com,www.boozt.com,amass,2020-04-28
1,www.www.boozt.com,www.boozt.com,amass,2020-04-28
2,host26.www.boozt.com,www.boozt.com,amass,2020-04-28
3,pc4.www.boozt.com,www.boozt.com,amass,2020-04-28
4,host18.www.boozt.com,www.boozt.com,amass,2020-04-28
5,test.www.boozt.com,www.boozt.com,amass,2020-04-28
6,s.imp-ppe.www.boozt.com,www.boozt.com,amass,2020-04-28
7,pc17.www.boozt.com,www.boozt.com,amass,2020-04-28
8,host17.www.boozt.com,www.boozt.com,amass,2020-04-28
9,www3.europe.www.boozt.com,www.boozt.com,amass,2020-04-28
10,pc19.www.boozt.com,www.boozt.com,amass,2020-04-28
11,host3.www.boozt.com,www.boozt.com,amass,2020-04-28
12,intranet.www.boozt.com,www.boozt.com,amass,2020-04-28
13,www.boozt.com,www.boozt.com,amass,2020-04-28
14,pics.ag.boozt.com,ag.boozt.com,amass,2020-04-28
15,host10.ag.boozt.com,ag.boozt.com,amass,2020-04-28
16,gateway.ag.boozt.com,ag.boozt.com,amass,2020-04-28
17,pc27.ag.boozt.com,ag.boozt.com,amass,2020-04-28
18,alpha.ag.boozt.com,ag.boozt.com,amass,2020-04-28
19,www.ag.boozt.com,ag.boozt.com,amass,2020-04-28
20,sip.parcel.api.boozt.com,parcel.api.boozt.com,amass,2020-04-28
21,pc17.parcel.api.boozt.com,parcel.api.boozt.com,amass,2020-04-28
22,pics.parcel.api.boozt.com,parcel.api.boozt.com,amass,2020-04-28
23,mail.parcel.api.boozt.com,parcel.api.boozt.com,amass,2020-04-28
24,network.parcel.api.boozt.com,parcel.api.boozt.com,amass,2020-04-28
25,pc22.parcel.api.boozt.com,parcel.api.boozt.com,amass,2020-04-28
26,ppp2.parcel.api.boozt.com,parcel.api.boozt.com,amass,2020-04-28
27,host5.parcel.api.boozt.com,parcel.api.boozt.com,amass,2020-04-28
28,www.parcel.api.boozt.com,parcel.api.boozt.com,amass,2020-04-28
29,s.imp-ppe.www.parcel.api.boozt.com,www.parcel.api.boozt.com,amass,2020-04-28
30,pc17.www.parcel.api.boozt.com,www.parcel.api.boozt.com,amass,2020-04-28
31,www3.europe.www.parcel.api.boozt.com,www.parcel.api.boozt.com,amass,2020-04-28
32,pc19.www.parcel.api.boozt.com,www.parcel.api.boozt.com,amass,2020-04-28
33,pc25.www.parcel.api.boozt.com,www.parcel.api.boozt.com,amass,2020-04-28
34,host3.www.parcel.api.boozt.com,www.parcel.api.boozt.com,amass,2020-04-28
35,intranet.www.parcel.api.boozt.com,www.parcel.api.boozt.com,amass,2020-04-28
36,www.www.parcel.api.boozt.com,www.parcel.api.boozt.com,amass,2020-04-28
37,host26.www.parcel.api.boozt.com,www.parcel.api.boozt.com,amass,2020-04-28
38,pc4.www.parcel.api.boozt.com,www.parcel.api.boozt.com,amass,2020-04-28
39,test.www.parcel.api.boozt.com,www.parcel.api.boozt.com,amass,2020-04-28
40,host18.www.parcel.api.boozt.com,www.parcel.api.boozt.com,amass,2020-04-28
41,host17.www.parcel.api.boozt.com,www.parcel.api.boozt.com,amass,2020-04-28
42,www.boozt.com,boozt.com,amass,2020-04-28
43,ns2.boozt.com,boozt.com,amass,2020-04-28
44,ia.boozt.com,boozt.com,amass,2020-04-28
45,delivery-time.boozt.com,boozt.com,amass,2020-04-28
46,sendgrid.boozt.com,boozt.com,amass,2020-04-28
47,parcel-api.boozt.com,boozt.com,amass,2020-04-28
48,email.boozt.com,boozt.com,amass,2020-04-28
49,click.email.boozt.com,boozt.com,amass,2020-04-28
50,m.boozt.com,boozt.com,amass,2020-04-28
51,t.boozt.com,boozt.com,amass,2020-04-28
52,www.t.boozt.com,boozt.com,amass,2020-04-28
53,nw.boozt.com,boozt.com,amass,2020-04-28
54,view.email.boozt.com,boozt.com,amass,2020-04-28
55,o2.ptr4956.boozt.com,boozt.com,amass,2020-04-28
56,o1.sendgrid.boozt.com,boozt.com,amass,2020-04-28
57,smtp.warehouse.boozt.com,boozt.com,amass,2020-04-28
58,mta2.email.boozt.com,boozt.com,amass,2020-04-28
59,mta.email.boozt.com,boozt.com,amass,2020-04-28
60,livmuoti.boozt.com,boozt.com,amass,2020-04-28
61,blog.boozt.com,boozt.com,amass,2020-04-28
62,ns1.boozt.com,boozt.com,amass,2020-04-28
63,ns3.boozt.com,boozt.com,amass,2020-04-28
64,ns4.boozt.com,boozt.com,amass,2020-04-28
65,fb.boozt.com,boozt.com,amass,2020-04-28
66,ib.boozt.com,boozt.com,amass,2020-04-28
67,www.parcel-api.boozt.com,boozt.com,amass,2020-04-28
68,image.email.boozt.com,boozt.com,amass,2020-04-28
69,sp.boozt.com,boozt.com,amass,2020-04-28
70,sp-dev.boozt.com,boozt.com,amass,2020-04-28
71,host8.boozt.com,boozt.com,amass,2020-04-28
72,sip.boozt.com,boozt.com,amass,2020-04-28
73,mail.boozt.com,boozt.com,amass,2020-04-28
74,pc7.boozt.com,boozt.com,amass,2020-04-28
75,pc20.boozt.com,boozt.com,amass,2020-04-28
76,pluto.boozt.com,boozt.com,amass,2020-04-28
77,drive.boozt.com,boozt.com,amass,2020-04-28
78,www2.boozt.com,boozt.com,amass,2020-04-28
79,calendar.boozt.com,boozt.com,amass,2020-04-28
80,groups.boozt.com,boozt.com,amass,2020-04-28
81,boozt.com,boozt.com,amass,2020-04-28
82,emv.boozt.com,boozt.com,amass,2020-04-28
83,eccoemv.boozt.com,boozt.com,amass,2020-04-28
84,shop.boozt.com,boozt.com,amass,2020-04-28
85,gcp.boozt.com,boozt.com,amass,2020-04-28
86,rel.boozt.com,boozt.com,amass,2020-04-28
87,22mta2.email.boozt.com,boozt.com,amass,2020-04-28
88,22m.boozt.com,boozt.com,amass,2020-04-28
89,22smtp.warehouse.boozt.com,boozt.com,amass,2020-04-28
90,22sendgrid.boozt.com,boozt.com,amass,2020-04-28
91,ag.boozt.com,boozt.com,amass,2020-04-28
92,22email.boozt.com,boozt.com,amass,2020-04-28
93,22ag.boozt.com,boozt.com,amass,2020-04-28
94,22click.email.boozt.com,boozt.com,amass,2020-04-28
95,22sp-dev.boozt.com,boozt.com,amass,2020-04-28
96,22www.boozt.com,boozt.com,amass,2020-04-28
97,warehouse.boozt.com,boozt.com,amass,2020-04-28
98,22o1.sendgrid.boozt.com,boozt.com,amass,2020-04-28
99,22warehouse.boozt.com,boozt.com,amass,2020-04-28
100,22mta.email.boozt.com,boozt.com,amass,2020-04-28
101,22image.email.boozt.com,boozt.com,amass,2020-04-28
102,u002fwww.boozt.com,boozt.com,amass,2020-04-28
103,parcel.api.boozt.com,boozt.com,amass,2020-04-28
104,www.parcel.api.boozt.com,boozt.com,amass,2020-04-28
105,mars.m.boozt.com,m.boozt.com,amass,2020-04-28
106,pc27.m.boozt.com,m.boozt.com,amass,2020-04-28
107,alpha.m.boozt.com,m.boozt.com,amass,2020-04-28
108,gate.m.boozt.com,m.boozt.com,amass,2020-04-28
109,arribada.au.m.boozt.com,m.boozt.com,amass,2020-04-28
110,a.m.boozt.com,m.boozt.com,amass,2020-04-28
111,www.m.boozt.com,m.boozt.com,amass,2020-04-28
112,m.boozt.com,m.boozt.com,amass,2020-04-28
113,pc10.delivery-time.boozt.com,delivery-time.boozt.com,amass,2020-04-28
114,mail.delivery-time.boozt.com,delivery-time.boozt.com,amass,2020-04-28
115,pc17.delivery-time.boozt.com,delivery-time.boozt.com,amass,2020-04-28
116,sip.delivery-time.boozt.com,delivery-time.boozt.com,amass,2020-04-28
117,www.delivery-time.boozt.com,delivery-time.boozt.com,amass,2020-04-28
118,pc20.delivery-time.boozt.com,delivery-time.boozt.com,amass,2020-04-28
119,click.email.boozt.com,email.boozt.com,amass,2020-04-28
120,view.email.boozt.com,email.boozt.com,amass,2020-04-28
121,image.email.boozt.com,email.boozt.com,amass,2020-04-28
122,mta2.email.boozt.com,email.boozt.com,amass,2020-04-28
123,mta.email.boozt.com,email.boozt.com,amass,2020-04-28
124,pc14.email.boozt.com,email.boozt.com,amass,2020-04-28
125,venus.email.boozt.com,email.boozt.com,amass,2020-04-28
126,pc22.email.boozt.com,email.boozt.com,amass,2020-04-28
127,ftp.email.boozt.com,email.boozt.com,amass,2020-04-28
128,host10.email.boozt.com,email.boozt.com,amass,2020-04-28
129,pc30.email.boozt.com,email.boozt.com,amass,2020-04-28
130,pc7.email.boozt.com,email.boozt.com,amass,2020-04-28
131,host14.email.boozt.com,email.boozt.com,amass,2020-04-28
132,www.email.boozt.com,email.boozt.com,amass,2020-04-28
133,pub.email.boozt.com,email.boozt.com,amass,2020-04-28
134,22image.email.boozt.com,email.boozt.com,amass,2020-04-28
135,22click.email.boozt.com,email.boozt.com,amass,2020-04-28
136,22mta2.email.boozt.com,email.boozt.com,amass,2020-04-28
137,22mta.email.boozt.com,email.boozt.com,amass,2020-04-28
138,email.boozt.com,email.boozt.com,amass,2020-04-28
139,billing.click.email.boozt.com,click.email.boozt.com,amass,2020-04-28
140,pics.click.email.boozt.com,click.email.boozt.com,amass,2020-04-28
141,pc10.click.email.boozt.com,click.email.boozt.com,amass,2020-04-28
142,sip.click.email.boozt.com,click.email.boozt.com,amass,2020-04-28
143,ftp.click.email.boozt.com,click.email.boozt.com,amass,2020-04-28
144,a.click.email.boozt.com,click.email.boozt.com,amass,2020-04-28
145,www.click.email.boozt.com,click.email.boozt.com,amass,2020-04-28
146,pc21.image.email.boozt.com,image.email.boozt.com,amass,2020-04-28
147,ftp.image.email.boozt.com,image.email.boozt.com,amass,2020-04-28
148,licensingsit1.image.email.boozt.com,image.email.boozt.com,amass,2020-04-28
149,dns.image.email.boozt.com,image.email.boozt.com,amass,2020-04-28
150,mailhost.image.email.boozt.com,image.email.boozt.com,amass,2020-04-28
151,www.image.email.boozt.com,image.email.boozt.com,amass,2020-04-28
152,mail.mta.email.boozt.com,mta.email.boozt.com,amass,2020-04-28
153,news.mta.email.boozt.com,mta.email.boozt.com,amass,2020-04-28
154,host24.mta.email.boozt.com,mta.email.boozt.com,amass,2020-04-28
155,ftp.mta.email.boozt.com,mta.email.boozt.com,amass,2020-04-28
156,paymentscmd.intl.mta.email.boozt.com,mta.email.boozt.com,amass,2020-04-28
157,host1.mta.email.boozt.com,mta.email.boozt.com,amass,2020-04-28
158,host25.mta.email.boozt.com,mta.email.boozt.com,amass,2020-04-28
159,proxy.mta.email.boozt.com,mta.email.boozt.com,amass,2020-04-28
160,cmscy1test55.mta.email.boozt.com,mta.email.boozt.com,amass,2020-04-28
161,pc29.mta.email.boozt.com,mta.email.boozt.com,amass,2020-04-28
162,www.mta.email.boozt.com,mta.email.boozt.com,amass,2020-04-28
163,smtp.mta2.email.boozt.com,mta2.email.boozt.com,amass,2020-04-28
164,pc4.mta2.email.boozt.com,mta2.email.boozt.com,amass,2020-04-28
165,billing.mta2.email.boozt.com,mta2.email.boozt.com,amass,2020-04-28
166,mars.mta2.email.boozt.com,mta2.email.boozt.com,amass,2020-04-28
167,user.mta2.email.boozt.com,mta2.email.boozt.com,amass,2020-04-28
168,www.mta2.email.boozt.com,mta2.email.boozt.com,amass,2020-04-28
169,pc24.view.email.boozt.com,view.email.boozt.com,amass,2020-04-28
170,pop3.view.email.boozt.com,view.email.boozt.com,amass,2020-04-28
171,billing.view.email.boozt.com,view.email.boozt.com,amass,2020-04-28
172,www2.view.email.boozt.com,view.email.boozt.com,amass,2020-04-28
173,cisco.view.email.boozt.com,view.email.boozt.com,amass,2020-04-28
174,pc16.view.email.boozt.com,view.email.boozt.com,amass,2020-04-28
175,host21.view.email.boozt.com,view.email.boozt.com,amass,2020-04-28
176,www.view.email.boozt.com,view.email.boozt.com,amass,2020-04-28
177,pc14.fb.boozt.com,fb.boozt.com,amass,2020-04-28
178,pc24.fb.boozt.com,fb.boozt.com,amass,2020-04-28
179,gate.fb.boozt.com,fb.boozt.com,amass,2020-04-28
180,www.fb.boozt.com,fb.boozt.com,amass,2020-04-28
181,mail4.access.fb.boozt.com,fb.boozt.com,amass,2020-04-28
182,pc26.fb.boozt.com,fb.boozt.com,amass,2020-04-28
183,gateway.fb.boozt.com,fb.boozt.com,amass,2020-04-28
184,pc2.fb.boozt.com,fb.boozt.com,amass,2020-04-28
185,pc17.fb.boozt.com,fb.boozt.com,amass,2020-04-28
186,pc3.ia.boozt.com,ia.boozt.com,amass,2020-04-28
187,smtp.ia.boozt.com,ia.boozt.com,amass,2020-04-28
188,mercury.ia.boozt.com,ia.boozt.com,amass,2020-04-28
189,news.ia.boozt.com,ia.boozt.com,amass,2020-04-28
190,pc30.ia.boozt.com,ia.boozt.com,amass,2020-04-28
191,host28.ia.boozt.com,ia.boozt.com,amass,2020-04-28
192,sip.ia.boozt.com,ia.boozt.com,amass,2020-04-28
193,pc14.ia.boozt.com,ia.boozt.com,amass,2020-04-28
194,host2.ia.boozt.com,ia.boozt.com,amass,2020-04-28
195,www.ia.boozt.com,ia.boozt.com,amass,2020-04-28
196,proxy.ia.boozt.com,ia.boozt.com,amass,2020-04-28
197,home.ia.boozt.com,ia.boozt.com,amass,2020-04-28
198,pc29.ia.boozt.com,ia.boozt.com,amass,2020-04-28
199,ftp.ia.boozt.com,ia.boozt.com,amass,2020-04-28
200,www.ib.boozt.com,ib.boozt.com,amass,2020-04-28
201,ftp.ib.boozt.com,ib.boozt.com,amass,2020-04-28
202,bayprofile09.ib.boozt.com,ib.boozt.com,amass,2020-04-28
203,pc21.ib.boozt.com,ib.boozt.com,amass,2020-04-28
204,jupiter.ib.boozt.com,ib.boozt.com,amass,2020-04-28
205,stopsiga02.videolab.ib.boozt.com,ib.boozt.com,amass,2020-04-28
206,sip.ib.boozt.com,ib.boozt.com,amass,2020-04-28
207,ws1.ib.boozt.com,ib.boozt.com,amass,2020-04-28
208,host19.nw.boozt.com,nw.boozt.com,amass,2020-04-28
209,www.nw.boozt.com,nw.boozt.com,amass,2020-04-28
210,billing.nw.boozt.com,nw.boozt.com,amass,2020-04-28
211,a.nw.boozt.com,nw.boozt.com,amass,2020-04-28
212,host20.nw.boozt.com,nw.boozt.com,amass,2020-04-28
213,router.nw.boozt.com,nw.boozt.com,amass,2020-04-28
214,host11.nw.boozt.com,nw.boozt.com,amass,2020-04-28
215,nw.boozt.com,nw.boozt.com,amass,2020-04-28
216,sip.parcel-api.boozt.com,parcel-api.boozt.com,amass,2020-04-28
217,pc17.parcel-api.boozt.com,parcel-api.boozt.com,amass,2020-04-28
218,pics.parcel-api.boozt.com,parcel-api.boozt.com,amass,2020-04-28
219,ppp2.parcel-api.boozt.com,parcel-api.boozt.com,amass,2020-04-28
220,www.parcel-api.boozt.com,parcel-api.boozt.com,amass,2020-04-28
221,host5.parcel-api.boozt.com,parcel-api.boozt.com,amass,2020-04-28
222,mail.parcel-api.boozt.com,parcel-api.boozt.com,amass,2020-04-28
223,network.parcel-api.boozt.com,parcel-api.boozt.com,amass,2020-04-28
224,pc22.parcel-api.boozt.com,parcel-api.boozt.com,amass,2020-04-28
225,host3.www.parcel-api.boozt.com,www.parcel-api.boozt.com,amass,2020-04-28
226,intranet.www.parcel-api.boozt.com,www.parcel-api.boozt.com,amass,2020-04-28
227,pc25.www.parcel-api.boozt.com,www.parcel-api.boozt.com,amass,2020-04-28
228,www.www.parcel-api.boozt.com,www.parcel-api.boozt.com,amass,2020-04-28
229,host26.www.parcel-api.boozt.com,www.parcel-api.boozt.com,amass,2020-04-28
230,pc4.www.parcel-api.boozt.com,www.parcel-api.boozt.com,amass,2020-04-28
231,host18.www.parcel-api.boozt.com,www.parcel-api.boozt.com,amass,2020-04-28
232,test.www.parcel-api.boozt.com,www.parcel-api.boozt.com,amass,2020-04-28
233,s.imp-ppe.www.parcel-api.boozt.com,www.parcel-api.boozt.com,amass,2020-04-28
234,pc17.www.parcel-api.boozt.com,www.parcel-api.boozt.com,amass,2020-04-28
235,host17.www.parcel-api.boozt.com,www.parcel-api.boozt.com,amass,2020-04-28
236,www3.europe.www.parcel-api.boozt.com,www.parcel-api.boozt.com,amass,2020-04-28
237,pc19.www.parcel-api.boozt.com,www.parcel-api.boozt.com,amass,2020-04-28
238,cy2-dspcdn.tlu.dl.delivery.mp.o2.ptr4956.boozt.com,o2.ptr4956.boozt.com,amass,2020-04-28
239,mail.o2.ptr4956.boozt.com,o2.ptr4956.boozt.com,amass,2020-04-28
240,host29.o2.ptr4956.boozt.com,o2.ptr4956.boozt.com,amass,2020-04-28
241,billing.o2.ptr4956.boozt.com,o2.ptr4956.boozt.com,amass,2020-04-28
242,home.o2.ptr4956.boozt.com,o2.ptr4956.boozt.com,amass,2020-04-28
243,ftp.o2.ptr4956.boozt.com,o2.ptr4956.boozt.com,amass,2020-04-28
244,proxy.o2.ptr4956.boozt.com,o2.ptr4956.boozt.com,amass,2020-04-28
245,pc9.o2.ptr4956.boozt.com,o2.ptr4956.boozt.com,amass,2020-04-28
246,www.o2.ptr4956.boozt.com,o2.ptr4956.boozt.com,amass,2020-04-28
247,pics.o2.ptr4956.boozt.com,o2.ptr4956.boozt.com,amass,2020-04-28
248,mars.o2.ptr4956.boozt.com,o2.ptr4956.boozt.com,amass,2020-04-28
249,pc21.o2.ptr4956.boozt.com,o2.ptr4956.boozt.com,amass,2020-04-28
250,o1.sendgrid.boozt.com,sendgrid.boozt.com,amass,2020-04-28
251,pc13.sendgrid.boozt.com,sendgrid.boozt.com,amass,2020-04-28
252,host25.sendgrid.boozt.com,sendgrid.boozt.com,amass,2020-04-28
253,dns.sendgrid.boozt.com,sendgrid.boozt.com,amass,2020-04-28
254,host11.sendgrid.boozt.com,sendgrid.boozt.com,amass,2020-04-28
255,www.sendgrid.boozt.com,sendgrid.boozt.com,amass,2020-04-28
256,22o1.sendgrid.boozt.com,sendgrid.boozt.com,amass,2020-04-28
257,router.o1.sendgrid.boozt.com,o1.sendgrid.boozt.com,amass,2020-04-28
258,jupiter.o1.sendgrid.boozt.com,o1.sendgrid.boozt.com,amass,2020-04-28
259,pics.o1.sendgrid.boozt.com,o1.sendgrid.boozt.com,amass,2020-04-28
260,beta.o1.sendgrid.boozt.com,o1.sendgrid.boozt.com,amass,2020-04-28
261,billing.o1.sendgrid.boozt.com,o1.sendgrid.boozt.com,amass,2020-04-28
262,mars.o1.sendgrid.boozt.com,o1.sendgrid.boozt.com,amass,2020-04-28
263,www.o1.sendgrid.boozt.com,o1.sendgrid.boozt.com,amass,2020-04-28
264,o1.sendgrid.boozt.com,o1.sendgrid.boozt.com,amass,2020-04-28
265,mail.sp.boozt.com,sp.boozt.com,amass,2020-04-28
266,accounts.flighting.cy2.cp.sp.boozt.com,sp.boozt.com,amass,2020-04-28
267,mars.sp.boozt.com,sp.boozt.com,amass,2020-04-28
268,pc21.sp.boozt.com,sp.boozt.com,amass,2020-04-28
269,host5.sp.boozt.com,sp.boozt.com,amass,2020-04-28
270,host25.sp.boozt.com,sp.boozt.com,amass,2020-04-28
271,sip.sp.boozt.com,sp.boozt.com,amass,2020-04-28
272,www.sp.boozt.com,sp.boozt.com,amass,2020-04-28
273,host25.sp-dev.boozt.com,sp-dev.boozt.com,amass,2020-04-28
274,broadcast.sp-dev.boozt.com,sp-dev.boozt.com,amass,2020-04-28
275,host4.sp-dev.boozt.com,sp-dev.boozt.com,amass,2020-04-28
276,host24.sp-dev.boozt.com,sp-dev.boozt.com,amass,2020-04-28
277,host14.sp-dev.boozt.com,sp-dev.boozt.com,amass,2020-04-28
278,www.sp-dev.boozt.com,sp-dev.boozt.com,amass,2020-04-28
279,mail.t.boozt.com,t.boozt.com,amass,2020-04-28
280,vlscbaytest.t.boozt.com,t.boozt.com,amass,2020-04-28
281,pc17.t.boozt.com,t.boozt.com,amass,2020-04-28
282,ftp.t.boozt.com,t.boozt.com,amass,2020-04-28
283,host9.t.boozt.com,t.boozt.com,amass,2020-04-28
284,i3.web2.mail.t.boozt.com,t.boozt.com,amass,2020-04-28
285,www.t.boozt.com,t.boozt.com,amass,2020-04-28
286,host24.t.boozt.com,t.boozt.com,amass,2020-04-28
287,ppp2.t.boozt.com,t.boozt.com,amass,2020-04-28
288,billing.t.boozt.com,t.boozt.com,amass,2020-04-28
289,host7.t.boozt.com,t.boozt.com,amass,2020-04-28
290,ns2.t.boozt.com,t.boozt.com,amass,2020-04-28
291,smtp.t.boozt.com,t.boozt.com,amass,2020-04-28
292,t.boozt.com,t.boozt.com,amass,2020-04-28
293,test.www.t.boozt.com,www.t.boozt.com,amass,2020-04-28
294,intranet.www.t.boozt.com,www.t.boozt.com,amass,2020-04-28
295,pc25.www.t.boozt.com,www.t.boozt.com,amass,2020-04-28
296,pc17.www.t.boozt.com,www.t.boozt.com,amass,2020-04-28
297,host17.www.t.boozt.com,www.t.boozt.com,amass,2020-04-28
298,s.imp-ppe.www.t.boozt.com,www.t.boozt.com,amass,2020-04-28
299,www3.europe.www.t.boozt.com,www.t.boozt.com,amass,2020-04-28
300,www.www.t.boozt.com,www.t.boozt.com,amass,2020-04-28
301,pc19.www.t.boozt.com,www.t.boozt.com,amass,2020-04-28
302,host26.www.t.boozt.com,www.t.boozt.com,amass,2020-04-28
303,host3.www.t.boozt.com,www.t.boozt.com,amass,2020-04-28
304,pc4.www.t.boozt.com,www.t.boozt.com,amass,2020-04-28
305,host18.www.t.boozt.com,www.t.boozt.com,amass,2020-04-28
306,spoembay.smtp.warehouse.boozt.com,smtp.warehouse.boozt.com,amass,2020-04-28
307,sip.smtp.warehouse.boozt.com,smtp.warehouse.boozt.com,amass,2020-04-28
308,billing.smtp.warehouse.boozt.com,smtp.warehouse.boozt.com,amass,2020-04-28
309,mail11.access.smtp.warehouse.boozt.com,smtp.warehouse.boozt.com,amass,2020-04-28
310,test.smtp.warehouse.boozt.com,smtp.warehouse.boozt.com,amass,2020-04-28
311,mail12.access.smtp.warehouse.boozt.com,smtp.warehouse.boozt.com,amass,2020-04-28
312,pc13.smtp.warehouse.boozt.com,smtp.warehouse.boozt.com,amass,2020-04-28
313,pics.smtp.warehouse.boozt.com,smtp.warehouse.boozt.com,amass,2020-04-28
314,www.smtp.warehouse.boozt.com,smtp.warehouse.boozt.com,amass,2020-04-28
